
1).List all customer details.

mysql> select * from Customer;
+----+---------+------------------+-------------+------------+
| id | name    | address          | city        | ph_no      |
+----+---------+------------------+-------------+------------+
|  1 | Amrutha | Kizhaketheruvath | Eranjipalam | 9234567865 |
|  2 | Anna    | narikuni         | malapuram   | 3234567865 |
|  3 | Arathi  | Mannarkunnu      | Kakodi      | 9744951197 |
|  4 | Sali    | chakkalakal      | calicut     | 7234567865 |
|  5 | Neenu   | chakkatuparamp   | trivandram  | 6234565865 |
|  6 | Divya   | sreevalsam       | calicut     | 9567098504 |
+----+---------+------------------+-------------+------------+
6 rows in set (0.00 sec)
.......................................................................
2).List pname, price of all products.

mysql> select distinct pname,price from Product;
+------------+-------+
| pname      | price |
+------------+-------+
| soap       |   122 |
| maggie     |    26 |
| jelly      |     3 |
| dinner set |  1020 |
| book       |   510 |
| tea        |   255 |
| dairymilk  |    61 |
+------------+-------+
7 rows in set (0.00 sec)
..........................................................
3).List all invoice items, avoid duplicates.

mysql> select * from Invoice_item;
+--------+------+----------+
| inv_id | pid  | quantity |
+--------+------+----------+
|    201 |  104 |      500 |
|    201 |  103 |      500 |
|    202 |  107 |       15 |
+--------+------+----------+
3 rows in set (0.00 sec)

mysql> select distinct inv_id from Invoice_item;
+--------+
| inv_id |
+--------+
|    201 |
|    202 |
+--------+
2 rows in set (0.00 sec)
.........................................................................
4).List product price between 50rs and 150rs

mysql> select * from Product;
+-----+------------+-------+
| pid | pname      | price |
+-----+------------+-------+
| 101 | soap       |   122 |
| 102 | maggie     |    26 |
| 103 | jelly      |     3 |
| 104 | dinner set |  1020 |
| 105 | book       |   510 |
| 106 | tea        |   255 |
| 107 | dairymilk  |    61 |
+-----+------------+-------+
7 rows in set (0.00 sec)

mysql> select * from Product where price between 50 and 150;
+-----+-----------+-------+
| pid | pname     | price |
+-----+-----------+-------+
| 101 | soap      |   122 |
| 107 | dairymilk |    61 |
+-----+-----------+-------+
2 rows in set (0.00 sec)
.....................................................................

5).List the customer details who lives in ‘trivandram’,’malapuram’.

mysql> select * from Customer;
+----+---------+------------------+-------------+------------+
| id | name    | address          | city        | ph_no      |
+----+---------+------------------+-------------+------------+
|  1 | Amrutha | Kizhaketheruvath | Eranjipalam | 9234567865 |
|  2 | Anna    | narikuni         | malapuram   | 3234567865 |
|  3 | Arathi  | Mannarkunnu      | Kakodi      | 9744951197 |
|  4 | Sali    | chakkalakal      | calicut     | 7234567865 |
|  5 | Neenu   | chakkatuparamp   | trivandram  | 6234565865 |
|  6 | Divya   | sreevalsam       | calicut     | 9567098504 |
+----+---------+------------------+-------------+------------+
6 rows in set (0.00 sec)

mysql> select * from Customer where city="trivandram" or city="malapuram";
+----+-------+----------------+------------+------------+
| id | name  | address        | city       | ph_no      |
+----+-------+----------------+------------+------------+
|  2 | Anna  | narikuni       | malapuram  | 3234567865 |
|  5 | Neenu | chakkatuparamp | trivandram | 6234565865 |
+----+-------+----------------+------------+------------+
2 rows in set (0.00 sec)

6).List the invoice details from 1st January 2023 to 15th February 2023





