
1).List all customer details.

mysql> select * from Customer;
+----+---------+------------------+-------------+------------+
| id | name    | address          | city        | ph_no      |
+----+---------+------------------+-------------+------------+
|  1 | Amrutha | Kizhaketheruvath | Eranjipalam | 9234567865 |
|  2 | Anna    | narikuni         | malapuram   | 3234567865 |
|  3 | Arathi  | Mannarkunnu      | Kakodi      | 9744951197 |
|  4 | Sali    | chakkalakal      | calicut     | 7234567865 |
|  5 | Neenu   | chakkatuparamp   | trivandram  | 6234565865 |
|  6 | Divya   | sreevalsam       | calicut     | 9567098504 |
+----+---------+------------------+-------------+------------+
6 rows in set (0.00 sec)

2).List pname, price of all products.

mysql> select distinct pname,price from Product;
+------------+-------+
| pname      | price |
+------------+-------+
| soap       |   122 |
| maggie     |    26 |
| jelly      |     3 |
| dinner set |  1020 |
| book       |   510 |
| tea        |   255 |
| dairymilk  |    61 |
+------------+-------+
7 rows in set (0.00 sec)
