experiment1.7                        OPTIMIZING DATABASE:  (GROUP BY, AGGREGATE FUNCTIONS)
                                     *******************************************************
                                      
                                      
1.List product name, price except soap on price order.

mysql> select * from Product;
+-----+------------+-------+
| pid | pname      | price |
+-----+------------+-------+
| 101 | soap       |   122 |
| 102 | maggie     |    26 |
| 103 | jelly      |     3 |
| 104 | dinner set |  1020 |
| 105 | book       |   510 |
| 106 | tea        |   255 |
| 107 | dairymilk  |    61 |
| 108 | pen        |     5 |
+-----+------------+-------+
8 rows in set (0.00 sec)

mysql> select pname,price from Product where pname!="pen" order by price  asc;
+------------+-------+
| pname      | price |
+------------+-------+
| jelly      |     3 |
| maggie     |    26 |
| dairymilk  |    61 |
| soap       |   122 |
| tea        |   255 |
| book       |   510 |
| dinner set |  1020 |
+------------+-------+
7 rows in set (0.00 sec)
...........................................................................................

2.Find minimum, maximum and average price of products.

mysql> select min(price),max(price),avg(price)from Product;
+------------+------------+------------+
| min(price) | max(price) | avg(price) |
+------------+------------+------------+
|          3 |       1020 |   250.2500 |
+------------+------------+------------+
1 row in set (0.00 sec)
..................................................................................................

3.Find number of customers in each city.

mysql> select count(*),city from Customer group by city;
+----------+-------------+
| count(*) | city        |
+----------+-------------+
|        3 | Eranjipalam |
|        1 | malapuram   |
|        1 | Kakodi      |
|        3 | calicut     |
|        1 | trivandram  |
|        1 | kannur      |
+----------+-------------+
6 rows in set (0.00 sec)

....................................................................................................

4).Find number of customers in each city, only include city with more than 3 customers.


mysql> select count(*),city from Customer group by city having count(*)>2;
+----------+-------------+
| count(*) | city        |
+----------+-------------+
|        3 | Eranjipalam |
|        3 | calicut     |
+----------+-------------+
2 rows in set (0.00 sec)

...............................................................................................

5).Show data as displayed ‘who, where’ Eg: ‘customer1 lives in ekm’.


mysql> select concat (name , "  lives in  ",  city)as cust_info from Customer;
+--------------------------------+
| cust_info                      |
+--------------------------------+
| Amrutha  lives in  Eranjipalam |
| Anna  lives in  malapuram      |
| Arathi  lives in  Kakodi       |
| Sali  lives in  calicut        |
| Neenu  lives in  trivandram    |
| Divya  lives in  calicut       |
| Manu  lives in  calicut        |
| Kukku  lives in  kannur        |
| malu  lives in  Eranjipalam    |
| naveen  lives in  Eranjipalam  |
+--------------------------------+
10 rows in set (0.00 sec)



