Q)Create a table EMPLOYEE have the following fields (emp_id, name,city,dob,adhar_no)
output:
mysql> create table Employee(emp_id int,name varchar (20),city varchar (30),dob date,adhar_no int);
Query OK, 0 rows affected (0.01 sec)

mysql> desc Employee;
+----------+-------------+------+-----+---------+-------+
| Field    | Type        | Null | Key | Default | Extra |
+----------+-------------+------+-----+---------+-------+
| emp_id   | int         | YES  |     | NULL    |       |
| name     | varchar(20) | YES  |     | NULL    |       |
| city     | varchar(30) | YES  |     | NULL    |       |
| dob      | date        | YES  |     | NULL    |       |
| adhar_no | int         | YES  |     | NULL    |       |
+----------+-------------+------+-----+---------+-------+
5 rows in set (0.00 sec)


2.Create a table STUDENT have the fields(roll_no, name, age, address, gender)and add following constraints on it.
Roll_no – Primary key
Name – does not allow null values
Age- must be in between (0-99), does not allow null values Gender- default value is ‘m
               
OUTPUT

create table STUDENT(roll_no int primary key,name varchar(40)not null,age int not null check(age<100),address varchar(50),gender varchar(2) default 'm');

Query OK, 0 rows affected (0.02 sec)

mysql> desc STUDENT;
+---------+-------------+------+-----+---------+-------+
| Field   | Type        | Null | Key | Default | Extra |
+---------+-------------+------+-----+---------+-------+
| roll_no | int         | NO   | PRI | NULL    |       |
| name    | varchar(40) | NO   |     | NULL    |       |
| age     | int         | NO   |     | NULL    |       |
| address | varchar(50) | YES  |     | NULL    |       |
| gender  | varchar(2)  | YES  |     | m       |       |
+---------+-------------+------+-----+---------+-------+
5 rows in set (0.01 sec)

3) Create a temporary table STUDENT1 of STUDENT relation.
OUTPUT
create temporary table STUDENT1 select * FROM STUDENT;

Query OK, 0 rows affected (0.01 sec)
Records: 0  Duplicates: 0  Warnings: 0

mysql> desc STUDENT;
+---------+-------------+------+-----+---------+-------+
| Field   | Type        | Null | Key | Default | Extra |
+---------+-------------+------+-----+---------+-------+
| roll_no | int         | NO   | PRI | NULL    |       |
| name    | varchar(40) | NO   |     | NULL    |       |
| age     | int         | NO   |     | NULL    |       |
| address | varchar(50) | YES  |     | NULL    |       |
| gender  | varchar(2)  | YES  |     | m       |       |
+---------+-------------+------+-----+---------+-------+
5 rows in set (0.00 sec)

mysql> DESC STUDENT1;
+---------+-------------+------+-----+---------+-------+
| Field   | Type        | Null | Key | Default | Extra |
+---------+-------------+------+-----+---------+-------+
| roll_no | int         | NO   |     | NULL    | NULL  |
| name    | varchar(40) | NO   |     | NULL    | NULL  |
| age     | int         | NO   |     | NULL    | NULL  |
| address | varchar(50) | YES  |     | NULL    | NULL  |
| gender  | varchar(2)  | YES  |     | m       | NULL  |
+---------+-------------+------+-----+---------+-------+
5 rows in set (0.00 sec)

4)Create a duplicate table of EMPLOYEE.
OUTPUT
CREATE TABLE IF NOT EXISTS DUPLICATE_TABLE SELECT * FROM Employee;
Query OK, 0 rows affected (0.02 sec)
Records: 0  Duplicates: 0  Warnings: 0

mysql> DESC DUPLICATE_TABLE;
+----------+-------------+------+-----+---------+-------+
| Field    | Type        | Null | Key | Default | Extra |
+----------+-------------+------+-----+---------+-------+
| emp_id   | int         | YES  |     | NULL    |       |
| name     | varchar(20) | YES  |     | NULL    |       |
| city     | varchar(30) | YES  |     | NULL    |       |
| dob      | date        | YES  |     | NULL    |       |
| adhar_no | int         | YES  |     | NULL    |       |
+----------+-------------+------+-----+---------+-------+
5 rows in set (0.00 sec)

 5)Create an INVOICE database and having following tables.
 OUTPUT
 mysql> CREATE DATABASE INVOICE;

-> Customer(id, name, address, city, ph_no)
OUTPUT
CREATE TABLE Customer(id int primary key,name varchar(30),address varchar(40),city varchar(50),ph_no int);
Query OK, 0 rows affected (0.02 sec)
+---------+-------------+------+-----+---------+-------+
| Field   | Type        | Null | Key | Default | Extra |
+---------+-------------+------+-----+---------+-------+
| id      | int         | NO   | PRI | NULL    |       |
| name    | varchar(30) | YES  |     | NULL    |       |
| address | varchar(40) | YES  |     | NULL    |       |
| city    | varchar(50) | YES  |     | NULL    |       |
| ph_no   | int         | YES  |     | NULL    |       |
+---------+-------------+------+-----+---------+-------+


-> Product(pid,  pname, price (default 0))
OUTPUT
create table Product(pid int primary key,pname varchar(30),price int default'0');
Query OK, 0 rows affected (0.02 sec)

mysql> desc Product;
+-------+-------------+------+-----+---------+-------+
| Field | Type        | Null | Key | Default | Extra |
+-------+-------------+------+-----+---------+-------+
| pid   | int         | NO   | PRI | NULL    |       |
| pname | varchar(30) | YES  |     | NULL    |       |
| price | int         | YES  |     | 0       |       |
+-------+-------------+------+-----+---------+-------+


-> Invoice_master(inv_id, cust_id(FK), inv_date)
OUTPUT
create table Invoice_master(inv_id int primary key,id int,inv_date date,foreign key(id) references Customer(id));
desc Invoice_master;
+----------+------+------+-----+---------+-------+
| Field    | Type | Null | Key | Default | Extra |
+----------+------+------+-----+---------+-------+
| inv_id   | int  | NO   | PRI | NULL    |       |
| id       | int  | YES  | MUL | NULL    |       |
| inv_date | date | YES  |     | NULL    |       |
+----------+------+------+-----+---------+-------+




